naive_mae,model_mae,naive_rmse,model_rmse,mae_improvement,rmse_improvement
38209.1171875,37558.91796875,142476.527751065,133852.37002010836,650.19921875,8624.15773095665
